symbol,trade_count,fill_rate_pct,win_rate_pct,avg_return_pct,median_return_pct,trade_sharpe,avg_gap_pct,avg_holding_bars
SW,659,39.454,44.765,0.537,0.0,0.207,3.359,3.898
KDP,45,31.111,20.0,0.487,-0.486,0.126,3.867,1.867
GEN,59,25.424,16.949,0.131,-0.509,0.036,3.601,1.915
BIIB,56,37.5,21.429,0.104,-0.47,0.039,4.106,2.071
CSGP,53,35.849,7.547,0.046,-0.513,0.013,1.806,1.283
ROST,66,42.424,12.121,0.018,-0.543,0.005,2.263,1.727
MDLZ,35,34.286,17.143,-0.009,-0.359,-0.007,1.327,1.914
TGT,86,41.86,16.279,-0.011,-0.426,-0.004,2.77,1.988
ROL,33,30.303,12.121,-0.062,-0.461,-0.027,1.789,1.606
CNC,81,34.568,11.111,-0.12,-0.566,-0.041,2.229,1.531
GILD,52,34.615,13.462,-0.121,-0.541,-0.056,1.932,1.462
LII,52,46.154,5.769,-0.125,-0.414,-0.065,1.231,1.25
PFE,54,25.926,7.407,-0.135,-0.397,-0.07,1.431,1.481
MKC,31,32.258,16.129,-0.145,-0.345,-0.094,1.856,1.742
FFIV,82,37.805,15.854,-0.148,-0.505,-0.075,2.247,1.963
A,84,33.333,9.524,-0.156,-0.447,-0.088,1.55,1.619
KVUE,9,33.333,33.333,-0.157,-0.509,-0.091,3.483,2.222
CVS,83,30.12,10.843,-0.181,-0.481,-0.08,2.098,1.578
CRH,370,55.405,17.568,-0.197,-0.425,-0.152,1.434,1.705
AMCR,153,27.451,21.569,-0.214,-0.301,-0.191,2.182,3.686
LNT,17,58.824,5.882,-0.217,-0.35,-0.197,0.934,1.059
EA,49,28.571,10.204,-0.23,-0.457,-0.091,2.305,1.551
WDAY,102,45.098,11.765,-0.236,-0.481,-0.107,2.033,1.52
GIS,37,45.946,13.514,-0.249,-0.496,-0.166,1.754,1.649
PSA,26,38.462,3.846,-0.252,-0.466,-0.163,1.116,1.038
PEP,22,40.909,9.091,-0.253,-0.398,-0.193,1.117,1.318
RVTY,71,46.479,4.225,-0.27,-0.437,-0.165,1.402,1.197
HRL,32,50.0,12.5,-0.271,-0.454,-0.165,2.088,1.531
EVRG,22,36.364,13.636,-0.284,-0.447,-0.272,1.621,1.818
COO,48,41.667,8.333,-0.285,-0.528,-0.123,1.932,1.375
NWSA,51,45.098,3.922,-0.288,-0.432,-0.133,1.431,1.118
NXPI,123,53.659,7.317,-0.301,-0.516,-0.16,1.582,1.236
POOL,59,37.288,6.78,-0.304,-0.423,-0.165,1.489,1.39
WELL,46,36.957,8.696,-0.305,-0.544,-0.16,1.714,1.457
HUM,58,37.931,13.793,-0.32,-0.556,-0.117,2.719,1.81
LIN,126,42.857,9.524,-0.327,-0.483,-0.311,1.236,1.373
GEHC,26,38.462,15.385,-0.333,-0.625,-0.135,2.354,1.615
CB,47,44.681,4.255,-0.336,-0.402,-0.306,1.136,1.234
ACN,88,45.455,6.818,-0.337,-0.456,-0.297,1.446,1.42
DGX,38,34.211,7.895,-0.348,-0.466,-0.254,1.458,1.342
TTWO,64,43.75,10.938,-0.36,-0.483,-0.182,2.257,1.641
PEG,27,59.259,3.704,-0.363,-0.376,-0.377,1.113,1.185
CI,53,33.962,9.434,-0.363,-0.522,-0.17,2.195,1.358
EXC,20,50.0,5.0,-0.365,-0.418,-0.452,1.086,1.35
CTVA,62,41.935,6.452,-0.366,-0.413,-0.349,1.376,1.306
PKG,69,43.478,7.246,-0.367,-0.442,-0.303,1.382,1.275
CTSH,78,38.462,8.974,-0.368,-0.469,-0.21,1.809,1.474
AMGN,43,23.256,9.302,-0.371,-0.491,-0.301,1.736,1.674
TJX,61,39.344,8.197,-0.376,-0.448,-0.229,1.742,1.574
GEV,26,46.154,7.692,-0.377,-0.671,-0.186,2.364,1.346
INVH,32,40.625,6.25,-0.377,-0.459,-0.388,1.314,1.25
MCO,70,44.286,2.857,-0.383,-0.42,-0.261,1.253,1.1
XEL,17,47.059,0.0,-0.387,-0.32,-2.859,0.773,1.0
WMT,48,29.167,10.417,-0.388,-0.593,-0.205,2.127,1.875
CPT,42,54.762,4.762,-0.391,-0.446,-0.362,1.183,1.071
EL,106,46.226,7.547,-0.391,-0.582,-0.193,2.182,1.302
GOOG,117,41.026,6.838,-0.391,-0.458,-0.256,1.641,1.538
NUE,122,54.098,4.098,-0.398,-0.423,-0.312,1.375,1.148
AON,33,42.424,6.061,-0.398,-0.428,-0.309,1.722,1.636
JNJ,37,37.838,2.703,-0.4,-0.393,-0.739,0.975,1.27
SO,20,40.0,5.0,-0.404,-0.412,-0.564,1.117,1.2
J,64,43.75,3.125,-0.405,-0.427,-0.343,1.236,1.125
CHD,33,27.273,6.061,-0.405,-0.518,-0.306,1.545,1.485
MSFT,96,38.542,6.25,-0.407,-0.421,-0.33,1.435,1.51
V,64,46.875,6.25,-0.412,-0.415,-0.612,1.238,1.266
PGR,45,37.778,8.889,-0.418,-0.467,-0.329,1.581,1.444
SWKS,104,48.077,6.731,-0.419,-0.493,-0.299,1.828,1.288
ORCL,109,40.367,7.339,-0.419,-0.483,-0.217,2.313,1.523
FTNT,72,50.0,9.722,-0.42,-0.503,-0.146,3.07,1.583
AZO,33,30.303,9.091,-0.421,-0.573,-0.25,1.687,1.091
AAPL,120,44.167,5.0,-0.422,-0.461,-0.358,1.383,1.317
AJG,32,59.375,3.125,-0.424,-0.394,-0.614,1.11,1.281
SJM,37,45.946,5.405,-0.424,-0.553,-0.198,1.847,1.243
FISV,65,52.308,9.231,-0.425,-0.409,-0.227,2.048,1.538
WEC,12,41.667,0.0,-0.427,-0.349,-2.183,0.85,1.0
NEM,154,46.753,4.545,-0.429,-0.505,-0.391,1.326,1.169
BSX,62,40.323,11.29,-0.431,-0.439,-0.261,1.961,1.694
KO,36,38.889,5.556,-0.432,-0.42,-0.361,1.299,1.25
D,27,62.963,3.704,-0.433,-0.424,-0.754,1.073,1.296
MRK,45,37.778,6.667,-0.434,-0.387,-0.414,1.509,1.378
MRSH,31,54.839,3.226,-0.436,-0.395,-0.756,1.05,1.161
NEE,41,39.024,4.878,-0.445,-0.479,-0.424,1.317,1.22
XYL,84,48.81,5.952,-0.447,-0.461,-0.371,1.456,1.238
MA,77,44.156,3.896,-0.447,-0.476,-0.581,1.283,1.182
LULU,97,31.959,10.309,-0.448,-0.601,-0.152,3.286,1.753
MDT,60,28.333,8.333,-0.451,-0.499,-0.408,1.593,1.517
INTU,87,49.425,6.897,-0.454,-0.439,-0.374,1.642,1.333
ED,22,50.0,0.0,-0.456,-0.346,-1.765,0.903,1.0
OMC,86,50.0,4.651,-0.456,-0.423,-0.386,1.467,1.209
DAL,136,47.794,4.412,-0.457,-0.589,-0.236,1.688,1.162
JKHY,29,37.931,6.897,-0.457,-0.401,-0.56,1.41,1.345
FTV,85,52.941,4.706,-0.458,-0.469,-0.404,1.328,1.188
UNP,66,34.848,7.576,-0.458,-0.448,-0.545,1.671,1.515
NI,18,44.444,5.556,-0.461,-0.354,-1.366,1.276,1.278
ICE,38,39.474,2.632,-0.462,-0.347,-0.575,1.131,1.026
CAT,137,42.336,5.109,-0.463,-0.45,-0.377,1.466,1.219
CSCO,77,28.571,10.39,-0.463,-0.423,-0.364,1.885,1.714
AWK,23,43.478,0.0,-0.464,-0.373,-1.91,0.93,1.0
CRL,81,35.802,7.407,-0.464,-0.604,-0.275,2.041,1.37
KEYS,84,44.048,5.952,-0.468,-0.476,-0.299,1.996,1.476
COR,47,27.66,8.511,-0.469,-0.597,-0.373,1.86,1.596
STT,145,48.966,2.069,-0.473,-0.486,-0.393,1.307,1.193
ITW,64,39.062,3.125,-0.473,-0.444,-0.739,1.181,1.109
TXN,98,55.102,6.122,-0.475,-0.433,-0.445,1.48,1.429
DHR,60,35.0,6.667,-0.475,-0.495,-0.422,1.536,1.467
AVB,31,64.516,3.226,-0.476,-0.476,-0.52,1.237,1.097
CRM,117,41.026,4.274,-0.477,-0.496,-0.319,1.746,1.291
AVY,66,48.485,1.515,-0.478,-0.425,-0.802,1.098,1.045
GOOGL,115,40.0,5.217,-0.479,-0.49,-0.344,1.681,1.557
AES,55,34.545,5.455,-0.479,-0.516,-0.216,2.247,1.455
TMO,70,45.714,2.857,-0.482,-0.491,-1.029,1.234,1.214
PFG,108,50.0,5.556,-0.483,-0.456,-0.463,1.409,1.278
MCD,48,41.667,2.083,-0.486,-0.414,-0.605,1.261,1.25
CDW,78,34.615,2.564,-0.486,-0.485,-0.375,1.496,1.282
BMY,48,31.25,4.167,-0.487,-0.487,-0.294,1.935,1.375
CSX,76,50.0,5.263,-0.488,-0.402,-0.338,1.62,1.289
INCY,45,26.667,6.667,-0.489,-0.549,-0.342,2.272,1.6
SNPS,97,45.361,3.093,-0.49,-0.478,-0.448,1.676,1.165
PPG,106,42.453,2.83,-0.49,-0.473,-0.385,1.431,1.245
KMB,29,37.931,6.897,-0.49,-0.512,-0.343,2.058,1.828
BALL,48,39.583,2.083,-0.491,-0.441,-0.363,1.444,1.042
APH,114,53.509,0.877,-0.492,-0.391,-1.259,1.046,1.14
AOS,68,45.588,1.471,-0.493,-0.407,-0.989,1.081,1.103
ADI,113,48.673,2.655,-0.494,-0.474,-0.522,1.29,1.168
FOXA,38,39.474,2.632,-0.494,-0.459,-0.427,1.372,1.395
DECK,98,48.98,6.122,-0.498,-0.589,-0.191,2.636,1.469
PPL,32,40.625,3.125,-0.498,-0.393,-1.211,1.076,1.156
CMS,12,50.0,0.0,-0.502,-0.477,-2.404,1.005,1.0
TRV,59,42.373,6.78,-0.505,-0.505,-0.531,1.562,1.475
ROK,108,50.926,6.481,-0.508,-0.489,-0.441,1.704,1.333
LHX,41,34.146,2.439,-0.509,-0.466,-0.568,1.305,1.171
SOLV,10,30.0,0.0,-0.509,-0.416,-2.135,1.014,1.0
BK,103,48.544,2.913,-0.511,-0.416,-0.57,1.289,1.214
ABT,55,45.455,5.455,-0.511,-0.44,-0.582,1.391,1.418
NTAP,100,40.0,7.0,-0.511,-0.492,-0.24,2.292,1.46
MAA,34,55.882,0.0,-0.512,-0.342,-1.262,1.029,1.0
ARE,61,37.705,4.918,-0.512,-0.39,-0.5,1.404,1.344
CVX,110,47.273,3.636,-0.513,-0.458,-0.566,1.29,1.155
JPM,124,42.742,3.226,-0.513,-0.439,-0.525,1.3,1.153
VMC,70,50.0,2.857,-0.514,-0.441,-0.401,1.516,1.243
MSCI,65,55.385,1.538,-0.515,-0.369,-0.561,1.218,1.031
DOV,84,40.476,2.381,-0.515,-0.478,-0.482,1.395,1.143
MGM,110,50.0,4.545,-0.516,-0.541,-0.275,1.735,1.118
BAC,155,41.935,1.935,-0.517,-0.448,-0.529,1.276,1.135
AME,75,46.667,4.0,-0.52,-0.429,-0.536,1.325,1.227
AEE,20,55.0,0.0,-0.521,-0.342,-1.272,1.017,1.0
DE,100,42.0,3.0,-0.521,-0.447,-0.535,1.391,1.16
IQV,60,48.333,3.333,-0.523,-0.488,-0.436,1.406,1.1
TT,70,41.429,4.286,-0.523,-0.412,-0.606,1.353,1.243
AVGO,138,50.725,5.072,-0.524,-0.459,-0.388,1.629,1.239
TFC,106,51.887,3.774,-0.525,-0.471,-0.475,1.398,1.16
MAS,83,45.783,3.614,-0.525,-0.453,-0.586,1.381,1.108
STZ,64,37.5,6.25,-0.526,-0.534,-0.388,1.755,1.391
SHW,54,35.185,3.704,-0.526,-0.564,-0.27,1.923,1.426
CLX,30,23.333,10.0,-0.527,-0.617,-0.428,2.288,1.733
MAR,100,52.0,3.0,-0.528,-0.435,-0.453,1.422,1.13
DUK,21,38.095,0.0,-0.528,-0.361,-1.122,1.05,1.048
NDAQ,39,48.718,2.564,-0.529,-0.416,-0.462,1.317,1.051
LOW,91,38.462,3.297,-0.529,-0.456,-0.597,1.446,1.33
META,114,35.965,10.526,-0.529,-0.519,-0.246,2.737,1.772
ISRG,90,35.556,5.556,-0.529,-0.466,-0.455,1.672,1.244
RTX,78,43.59,2.564,-0.53,-0.422,-0.417,1.571,1.282
JCI,101,39.604,2.97,-0.531,-0.405,-0.414,1.521,1.218
TEL,105,47.619,1.905,-0.532,-0.431,-1.016,1.161,1.076
ROP,42,42.857,7.143,-0.532,-0.384,-0.468,1.496,1.524
WFC,119,46.218,3.361,-0.533,-0.556,-0.398,1.543,1.168
KMI,59,62.712,3.39,-0.535,-0.442,-0.642,1.256,1.085
HUBB,83,51.807,2.41,-0.535,-0.436,-0.504,1.335,1.169
MTD,63,41.27,3.175,-0.535,-0.473,-0.713,1.322,1.127
ECL,52,36.538,3.846,-0.537,-0.518,-0.553,1.463,1.25
GDDY,62,27.419,4.839,-0.538,-0.462,-0.264,1.96,1.274
BLK,103,43.689,1.942,-0.539,-0.462,-1.055,1.165,1.126
EMR,118,42.373,3.39,-0.539,-0.511,-0.546,1.413,1.161
LEN,80,52.5,5.0,-0.54,-0.566,-0.41,1.594,1.088
CARR,66,51.515,4.545,-0.541,-0.53,-0.478,1.481,1.212
VICI,39,38.462,5.128,-0.541,-0.55,-0.633,1.371,1.051
HLT,81,50.617,2.469,-0.542,-0.475,-0.414,1.483,1.074
AEP,20,35.0,0.0,-0.544,-0.452,-1.668,1.081,1.0
IVZ,139,49.64,2.158,-0.549,-0.473,-0.482,1.387,1.129
AMAT,175,44.571,5.143,-0.55,-0.586,-0.467,1.677,1.183
ATO,17,29.412,0.0,-0.55,-0.513,-2.504,1.11,1.059
O,46,43.478,2.174,-0.551,-0.414,-0.713,1.298,1.196
ETR,32,43.75,0.0,-0.552,-0.391,-1.462,1.107,1.0
PLD,50,30.0,2.0,-0.553,-0.555,-0.871,1.353,1.12
ABNB,73,50.685,4.11,-0.554,-0.492,-0.408,1.736,1.288
AMT,51,31.373,0.0,-0.554,-0.445,-1.881,1.108,1.0
RSG,27,40.741,0.0,-0.556,-0.457,-1.561,1.104,1.0
MO,65,36.923,3.077,-0.556,-0.499,-0.935,1.237,1.108
TECH,40,42.5,5.0,-0.558,-0.469,-0.425,1.615,1.175
BR,49,36.735,0.0,-0.558,-0.446,-1.392,1.103,1.0
IRM,63,39.683,1.587,-0.559,-0.448,-0.931,1.234,1.079
TPR,138,46.377,5.072,-0.56,-0.582,-0.278,2.103,1.268
TROW,100,51.0,1.0,-0.564,-0.452,-1.076,1.228,1.06
FRT,48,50.0,2.083,-0.564,-0.508,-0.51,1.439,1.062
WRB,52,50.0,5.769,-0.564,-0.529,-0.484,1.527,1.231
CMI,94,48.936,4.255,-0.564,-0.458,-0.681,1.433,1.223
EG,61,45.902,4.918,-0.564,-0.503,-0.53,1.449,1.213
GPC,68,44.118,4.412,-0.564,-0.439,-0.571,1.623,1.279
HIG,74,48.649,4.054,-0.566,-0.495,-0.462,1.573,1.338
HD,71,42.254,1.408,-0.566,-0.505,-1.223,1.192,1.113
FDX,100,35.0,8.0,-0.566,-0.57,-0.303,2.382,1.5
DHI,81,33.333,3.704,-0.566,-0.566,-0.317,1.714,1.185
EXE,29,51.724,3.448,-0.568,-0.551,-0.626,1.509,1.207
HPE,129,51.163,3.101,-0.568,-0.466,-0.384,1.689,1.264
ALL,49,42.857,2.041,-0.57,-0.504,-0.601,1.513,1.184
C,143,41.958,2.098,-0.57,-0.527,-0.45,1.498,1.161
USB,108,47.222,0.926,-0.571,-0.449,-0.595,1.318,1.102
NTRS,100,40.0,5.0,-0.571,-0.452,-0.695,1.423,1.2
COF,130,53.077,3.077,-0.572,-0.512,-0.359,1.776,1.238
BRK-B,57,49.123,0.0,-0.574,-0.399,-1.611,1.148,1.07
REG,44,50.0,0.0,-0.575,-0.446,-1.541,1.163,1.0
TDG,85,42.353,9.412,-0.575,-0.53,-0.336,2.116,1.518
ES,25,36.0,0.0,-0.575,-0.388,-1.365,1.125,1.0
TYL,46,52.174,0.0,-0.577,-0.401,-1.458,1.153,1.065
PM,57,38.596,5.263,-0.577,-0.444,-0.753,1.435,1.404
GD,48,50.0,2.083,-0.578,-0.491,-0.663,1.358,1.083
QCOM,112,44.643,6.25,-0.578,-0.516,-0.399,1.894,1.393
PNR,97,48.454,2.062,-0.579,-0.461,-1.099,1.318,1.216
EBAY,73,39.726,9.589,-0.581,-0.488,-0.284,2.337,1.658
WAT,66,34.848,6.061,-0.581,-0.475,-0.407,2.038,1.561
PCAR,63,49.206,0.0,-0.584,-0.447,-1.575,1.158,1.048
L,72,54.167,2.778,-0.585,-0.457,-0.577,1.412,1.25
MS,164,49.39,1.829,-0.585,-0.49,-0.74,1.331,1.152
MLM,63,41.27,4.762,-0.585,-0.535,-0.653,1.548,1.333
VRSK,37,32.432,5.405,-0.585,-0.455,-0.52,1.538,1.351
CPB,36,38.889,5.556,-0.586,-0.565,-0.444,1.97,1.472
SYK,67,43.284,4.478,-0.587,-0.448,-0.603,1.596,1.433
ARES,76,50.0,2.632,-0.588,-0.52,-0.702,1.454,1.263
CDNS,92,50.0,4.348,-0.588,-0.472,-0.736,1.495,1.228
TDY,62,38.71,3.226,-0.588,-0.408,-0.758,1.387,1.081
PANW,105,37.143,6.667,-0.589,-0.544,-0.251,2.452,1.476
ALB,168,51.786,2.976,-0.59,-0.53,-0.473,1.605,1.113
XOM,117,50.427,1.709,-0.59,-0.457,-0.882,1.281,1.128
SPGI,58,46.552,0.0,-0.59,-0.415,-1.427,1.165,1.069
FOX,40,45.0,2.5,-0.59,-0.509,-0.759,1.419,1.225
RJF,110,51.818,0.909,-0.591,-0.459,-0.66,1.322,1.073
WTW,36,30.556,5.556,-0.591,-0.619,-0.431,1.781,1.25
TRMB,78,52.564,1.282,-0.592,-0.558,-1.044,1.336,1.154
CME,30,46.667,0.0,-0.592,-0.428,-1.264,1.18,1.367
BRO,38,39.474,2.632,-0.592,-0.418,-0.963,1.327,1.184
NVR,26,30.769,0.0,-0.593,-0.463,-1.43,1.181,1.0
HCA,69,37.681,8.696,-0.594,-0.721,-0.304,2.301,1.435
FDS,32,15.625,3.125,-0.594,-0.523,-0.624,1.509,1.156
AFL,49,48.98,2.041,-0.597,-0.505,-0.429,1.621,1.286
GE,104,39.423,5.769,-0.597,-0.57,-0.423,1.77,1.49
GS,120,43.333,0.833,-0.598,-0.463,-1.002,1.258,1.108
PTC,72,41.667,5.556,-0.598,-0.56,-0.29,1.965,1.278
OTIS,28,35.714,3.571,-0.598,-0.49,-0.461,1.708,1.464
EXR,37,32.432,2.703,-0.598,-0.467,-0.611,1.444,1.054
HON,68,32.353,2.941,-0.599,-0.429,-0.881,1.441,1.221
COIN,102,54.902,3.922,-0.6,-0.738,-0.168,2.525,1.147
NSC,75,45.333,2.667,-0.6,-0.485,-0.697,1.458,1.187
AIZ,57,38.596,1.754,-0.603,-0.494,-0.632,1.414,1.193
ADSK,103,43.689,3.883,-0.606,-0.493,-0.308,1.867,1.252
UDR,41,48.78,0.0,-0.608,-0.419,-1.219,1.238,1.0
LDOS,44,31.818,4.545,-0.608,-0.543,-0.642,1.984,1.318
LRCX,182,47.802,1.648,-0.61,-0.548,-0.6,1.457,1.099
RMD,79,40.506,8.861,-0.612,-0.433,-0.353,2.053,1.392
KEY,135,52.593,2.222,-0.613,-0.455,-0.456,1.537,1.141
IP,91,41.758,3.297,-0.615,-0.483,-0.889,1.431,1.231
PG,30,33.333,6.667,-0.615,-0.638,-0.817,1.554,1.5
KR,44,31.818,4.545,-0.615,-0.666,-0.429,2.082,1.386
IEX,64,46.875,0.0,-0.616,-0.472,-1.456,1.224,1.0
ALLE,70,34.286,0.0,-0.616,-0.486,-1.629,1.226,1.143
PNC,100,45.0,1.0,-0.617,-0.436,-1.094,1.273,1.09
BF-B,36,44.444,5.556,-0.617,-0.499,-0.641,2.02,1.306
CTAS,60,41.667,6.667,-0.619,-0.507,-0.449,1.782,1.433
CMCSA,54,31.481,1.852,-0.619,-0.437,-0.531,1.45,1.167
VLTO,8,25.0,0.0,-0.619,-0.446,-1.697,1.266,1.0
UPS,80,41.25,3.75,-0.62,-0.456,-0.382,1.979,1.338
EXPD,39,41.026,0.0,-0.62,-0.425,-1.389,1.22,1.026
YUM,44,36.364,2.273,-0.622,-0.424,-0.765,1.398,1.182
DOC,47,53.191,2.128,-0.625,-0.49,-0.828,1.373,1.106
MCHP,130,50.769,3.077,-0.625,-0.574,-0.509,1.66,1.177
BEN,115,50.435,0.0,-0.629,-0.466,-1.276,1.253,1.061
CL,35,22.857,5.714,-0.629,-0.499,-0.876,1.527,1.343
HPQ,108,42.593,4.63,-0.633,-0.518,-0.391,1.851,1.315
MU,227,48.018,3.084,-0.635,-0.581,-0.488,1.758,1.163
NWS,65,46.154,1.538,-0.635,-0.441,-0.847,1.419,1.062
WM,27,33.333,0.0,-0.636,-0.436,-1.31,1.261,1.333
ZBH,68,30.882,5.882,-0.636,-0.609,-0.567,1.897,1.426
GL,80,50.0,1.25,-0.638,-0.497,-0.695,1.45,1.238
BG,66,46.97,3.03,-0.638,-0.479,-0.643,1.6,1.136
CTRA,74,41.892,0.0,-0.639,-0.465,-1.395,1.365,1.095
PRU,117,48.718,1.709,-0.642,-0.454,-1.003,1.362,1.179
NKE,123,43.902,6.504,-0.642,-0.578,-0.434,2.304,1.691
IR,82,50.0,2.439,-0.643,-0.494,-0.664,1.501,1.085
ADP,46,30.435,2.174,-0.643,-0.444,-0.802,1.449,1.239
IBKR,62,53.226,1.613,-0.644,-0.449,-0.789,1.447,1.081
APTV,149,42.282,2.685,-0.644,-0.535,-0.681,1.558,1.161
AMZN,118,38.136,5.085,-0.644,-0.488,-0.581,1.83,1.559
IFF,75,36.0,1.333,-0.644,-0.447,-0.822,1.539,1.133
MET,115,46.087,0.87,-0.646,-0.451,-0.638,1.451,1.096
CRWD,89,47.191,4.494,-0.648,-0.715,-0.346,2.19,1.202
MTB,102,47.059,0.98,-0.648,-0.487,-0.588,1.474,1.147
ETN,114,50.0,1.754,-0.651,-0.458,-0.973,1.379,1.114
SBUX,90,42.222,2.222,-0.652,-0.488,-0.518,1.915,1.444
HSIC,52,44.231,1.923,-0.653,-0.522,-0.753,1.472,1.192
CINF,58,55.172,1.724,-0.654,-0.51,-0.856,1.487,1.259
PNW,21,42.857,0.0,-0.654,-0.502,-1.132,1.277,1.0
ELV,55,36.364,3.636,-0.656,-0.542,-0.701,1.678,1.182
PAYX,38,28.947,0.0,-0.657,-0.508,-1.438,1.3,1.026
COST,56,25.0,0.0,-0.657,-0.568,-1.509,1.298,1.214
ZTS,50,26.0,4.0,-0.658,-0.485,-0.469,1.611,1.46
VTRS,64,42.188,3.125,-0.659,-0.572,-0.442,2.166,1.203
DLR,42,40.476,2.381,-0.662,-0.509,-0.711,1.483,1.071
BDX,31,29.032,6.452,-0.663,-0.405,-0.552,1.893,1.516
STE,45,35.556,2.222,-0.664,-0.456,-0.989,1.405,1.133
AMP,121,47.107,1.653,-0.665,-0.511,-1.1,1.404,1.066
ZBRA,103,40.777,3.883,-0.665,-0.478,-0.464,1.925,1.214
EIX,33,36.364,0.0,-0.665,-0.459,-1.023,1.291,1.0
NOW,110,41.818,3.636,-0.666,-0.501,-0.465,1.98,1.282
FICO,64,53.125,0.0,-0.667,-0.442,-0.703,1.4,1.0
VZ,57,31.579,1.754,-0.668,-0.614,-1.087,1.422,1.193
CCI,50,46.0,2.0,-0.67,-0.554,-1.442,1.418,1.2
STLD,99,59.596,1.01,-0.677,-0.498,-0.804,1.468,1.04
KKR,122,48.361,0.82,-0.677,-0.546,-1.112,1.416,1.09
IDXX,56,39.286,3.571,-0.677,-0.573,-0.595,2.019,1.214
EQIX,39,41.026,2.564,-0.678,-0.471,-0.68,1.648,1.231
CF,106,51.887,0.943,-0.68,-0.514,-0.685,1.501,1.019
HBAN,88,45.455,2.273,-0.681,-0.544,-0.975,1.474,1.068
CBRE,102,42.157,2.941,-0.681,-0.448,-0.81,1.562,1.108
HSY,32,21.875,0.0,-0.682,-0.435,-1.314,1.648,1.312
TER,164,43.902,2.439,-0.683,-0.516,-0.493,1.757,1.122
DELL,130,38.462,6.923,-0.683,-0.539,-0.395,2.367,1.292
ODFL,61,49.18,0.0,-0.684,-0.481,-1.147,1.373,1.082
LUV,114,48.246,2.632,-0.684,-0.513,-0.666,1.63,1.114
TAP,52,46.154,3.846,-0.684,-0.566,-0.539,1.732,1.231
LH,37,37.838,0.0,-0.684,-0.496,-1.674,1.355,1.0
LYB,114,50.877,1.754,-0.685,-0.521,-0.584,1.598,1.158
DTE,27,44.444,0.0,-0.685,-0.47,-1.577,1.365,1.0
SCHW,118,33.898,0.847,-0.685,-0.5,-1.137,1.437,1.068
HST,61,49.18,1.639,-0.688,-0.515,-0.454,1.753,1.098
DPZ,56,33.929,5.357,-0.689,-0.51,-0.572,2.324,1.357
T,82,41.463,1.22,-0.691,-0.556,-1.266,1.41,1.134
WMB,57,54.386,1.754,-0.692,-0.492,-0.684,1.424,1.105
CBOE,13,38.462,0.0,-0.693,-0.415,-1.27,1.354,1.0
EXPE,110,48.182,8.182,-0.694,-0.617,-0.304,2.845,1.545
EQT,63,53.968,1.587,-0.695,-0.555,-0.965,1.491,1.032
ERIE,24,54.167,0.0,-0.696,-0.408,-0.898,1.419,1.0
FAST,52,42.308,0.0,-0.696,-0.457,-1.083,1.394,1.038
SNA,76,40.789,0.0,-0.697,-0.471,-1.204,1.404,1.039
F,107,46.729,4.673,-0.698,-0.591,-0.399,1.953,1.159
KLAC,135,41.481,0.741,-0.7,-0.578,-1.432,1.473,1.111
HWM,85,47.059,3.529,-0.701,-0.583,-0.422,2.139,1.165
EOG,131,54.198,1.527,-0.703,-0.478,-0.403,1.537,1.145
AIG,97,45.361,3.093,-0.703,-0.548,-0.689,1.751,1.237
PHM,88,39.773,2.273,-0.703,-0.546,-0.661,1.563,1.114
SBAC,37,40.541,0.0,-0.704,-0.6,-1.89,1.419,1.027
UAL,157,49.682,1.911,-0.709,-0.562,-0.372,1.873,1.076
AXP,127,50.394,0.787,-0.711,-0.537,-1.047,1.473,1.055
VLO,92,51.087,1.087,-0.712,-0.537,-0.595,1.635,1.054
FCX,269,56.506,1.859,-0.713,-0.612,-0.828,1.611,1.097
EQR,38,42.105,0.0,-0.713,-0.53,-0.968,1.504,1.184
ACGL,42,42.857,4.762,-0.714,-0.507,-0.885,1.678,1.262
RL,105,43.81,3.81,-0.718,-0.503,-0.597,1.942,1.248
VRSN,36,36.111,2.778,-0.718,-0.406,-0.475,1.775,1.167
BXP,61,45.902,0.0,-0.72,-0.482,-1.076,1.472,1.049
JBHT,54,33.333,1.852,-0.72,-0.43,-0.658,1.699,1.278
FITB,116,51.724,0.862,-0.724,-0.501,-0.879,1.504,1.121
TPL,74,44.595,1.351,-0.724,-0.536,-0.7,1.562,1.014
TMUS,45,26.667,4.444,-0.724,-0.559,-0.51,1.98,1.422
BX,113,46.018,0.0,-0.725,-0.511,-1.427,1.445,1.044
PSX,89,42.697,1.124,-0.725,-0.532,-0.946,1.53,1.079
TSLA,186,41.935,4.839,-0.726,-0.714,-0.366,2.355,1.22
MPC,87,52.874,1.149,-0.727,-0.559,-0.759,1.62,1.034
PH,109,41.284,1.835,-0.727,-0.522,-0.924,1.562,1.083
ESS,30,50.0,0.0,-0.728,-0.528,-1.15,1.48,1.033
UNH,62,32.258,8.065,-0.729,-0.571,-0.319,2.627,1.758
JBL,124,46.774,3.226,-0.731,-0.587,-0.668,1.795,1.234
WY,65,46.154,0.0,-0.731,-0.474,-1.128,1.443,1.046
EW,69,42.029,7.246,-0.732,-0.575,-0.399,2.529,1.565
TKO,48,33.333,8.333,-0.736,-0.544,-0.255,2.965,1.688
NDSN,75,44.0,2.667,-0.737,-0.592,-0.761,1.702,1.213
TXT,93,41.935,3.226,-0.737,-0.545,-0.587,1.868,1.355
APO,83,49.398,0.0,-0.739,-0.511,-1.272,1.473,1.036
OXY,137,47.445,3.65,-0.74,-0.527,-0.288,1.852,1.19
BA,126,41.27,3.175,-0.74,-0.637,-0.706,1.762,1.222
DIS,97,35.052,5.155,-0.74,-0.541,-0.542,1.988,1.433
BKR,97,46.392,1.031,-0.741,-0.52,-0.679,1.652,1.124
CFG,122,45.902,0.82,-0.741,-0.486,-0.969,1.537,1.033
CPRT,47,42.553,2.128,-0.741,-0.461,-0.639,1.606,1.021
MNST,47,29.787,8.511,-0.741,-0.568,-0.48,2.668,1.66
WAB,90,48.889,2.222,-0.742,-0.484,-0.972,1.631,1.144
CPAY,85,42.353,1.176,-0.742,-0.579,-1.056,1.617,1.094
ON,137,54.745,2.19,-0.743,-0.586,-0.671,1.728,1.058
MMM,78,32.051,0.0,-0.747,-0.448,-0.988,1.485,1.154
WBD,80,46.25,2.5,-0.751,-0.629,-0.525,1.852,1.112
COP,130,48.462,0.769,-0.755,-0.493,-0.634,1.541,1.154
SYF,115,46.957,1.739,-0.756,-0.616,-0.584,2.006,1.217
PWR,82,50.0,0.0,-0.763,-0.532,-1.071,1.534,1.012
APD,64,35.938,3.125,-0.766,-0.47,-0.73,1.626,1.141
GPN,89,48.315,1.124,-0.767,-0.576,-0.997,1.612,1.079
WYNN,159,43.396,2.516,-0.768,-0.683,-0.59,1.908,1.101
RF,113,43.363,0.885,-0.768,-0.503,-0.916,1.551,1.088
SWK,107,49.533,1.869,-0.769,-0.522,-0.741,1.784,1.159
VTR,46,41.304,2.174,-0.77,-0.506,-0.781,1.676,1.087
NOC,40,35.0,0.0,-0.772,-0.61,-1.206,1.545,1.075
MSI,46,36.957,0.0,-0.773,-0.467,-1.117,1.564,1.043
FIX,85,36.471,2.353,-0.773,-0.608,-0.377,2.098,1.129
EFX,80,35.0,1.25,-0.774,-0.498,-0.659,1.674,1.1
DD,106,50.0,1.887,-0.777,-0.558,-0.96,1.686,1.123
GM,152,46.053,1.974,-0.777,-0.6,-0.819,1.734,1.184
IT,75,44.0,2.667,-0.777,-0.476,-0.473,2.454,1.28
LVS,129,41.86,2.326,-0.777,-0.536,-0.781,1.805,1.202
SLB,117,43.59,2.564,-0.778,-0.596,-0.464,1.739,1.094
WSM,94,46.809,6.383,-0.782,-0.569,-0.582,2.198,1.287
CAG,35,37.143,2.857,-0.784,-0.482,-0.756,1.766,1.143
CNP,25,52.0,4.0,-0.786,-0.613,-1.028,1.747,1.2
OKE,97,50.515,0.0,-0.794,-0.435,-0.572,1.514,1.0
WST,50,38.0,6.0,-0.794,-0.589,-0.231,3.231,1.32
STX,135,45.926,1.481,-0.795,-0.522,-0.682,1.871,1.119
TSN,58,36.207,1.724,-0.798,-0.657,-0.602,1.862,1.155
EME,92,46.739,0.0,-0.801,-0.53,-1.212,1.604,1.076
XYZ,149,46.309,4.027,-0.802,-0.646,-0.425,2.371,1.275
FIS,59,35.593,3.39,-0.803,-0.505,-0.595,1.882,1.203
MOS,125,60.0,0.0,-0.805,-0.615,-1.31,1.596,1.08
VST,65,38.462,4.615,-0.805,-0.59,-0.344,2.357,1.323
GLW,115,44.348,0.0,-0.806,-0.55,-1.135,1.665,1.148
MPWR,106,42.453,0.943,-0.808,-0.55,-0.719,1.7,1.019
GWW,60,33.333,1.667,-0.811,-0.516,-0.874,1.81,1.117
MRNA,79,43.038,3.797,-0.812,-0.713,-0.221,3.117,1.241
LMT,44,45.455,0.0,-0.817,-0.577,-1.181,1.616,1.227
LYV,65,35.385,3.077,-0.82,-0.581,-0.513,2.205,1.277
TRGP,97,51.546,1.031,-0.823,-0.506,-0.486,1.753,1.062
ADM,58,34.483,0.0,-0.826,-0.57,-0.7,1.583,1.034
BBY,98,48.98,5.102,-0.827,-0.625,-0.511,2.32,1.245
CAH,57,31.579,5.263,-0.829,-0.559,-0.63,2.476,1.474
GNRC,100,42.0,2.0,-0.833,-0.63,-0.522,1.906,1.07
FANG,124,51.613,3.226,-0.841,-0.611,-0.399,2.087,1.185
ADBE,106,42.453,0.943,-0.841,-0.564,-0.915,1.895,1.255
DXCM,69,37.681,5.797,-0.841,-0.689,-0.389,3.7,1.551
EPAM,93,37.634,3.226,-0.843,-0.557,-0.645,2.45,1.301
BLDR,91,47.253,1.099,-0.845,-0.641,-1.001,1.831,1.088
CCL,171,50.877,3.509,-0.848,-0.617,-0.656,2.199,1.216
BKNG,103,49.515,2.913,-0.851,-0.607,-0.664,2.084,1.408
HOOD,73,42.466,4.11,-0.851,-0.679,-0.458,2.467,1.178
TSCO,36,38.889,0.0,-0.867,-0.533,-1.307,1.927,1.278
WDC,175,46.857,1.143,-0.868,-0.707,-0.579,2.009,1.086
FSLR,108,50.926,2.778,-0.869,-0.697,-0.472,2.472,1.176
DRI,73,39.726,2.74,-0.874,-0.671,-0.855,1.994,1.151
KIM,61,45.902,0.0,-0.876,-0.623,-1.138,1.777,1.016
PYPL,106,39.623,3.774,-0.878,-0.565,-0.625,2.143,1.349
APP,73,39.726,4.11,-0.887,-0.818,-0.255,3.623,1.288
DVN,156,41.026,0.0,-0.892,-0.543,-0.591,1.727,1.058
IBM,78,30.769,1.282,-0.903,-0.643,-0.74,2.103,1.423
NVDA,168,48.214,0.595,-0.909,-0.587,-0.836,1.903,1.101
DG,58,39.655,8.621,-0.912,-0.51,-0.366,2.756,1.569
URI,127,35.433,0.0,-0.912,-0.586,-1.182,1.841,1.047
HII,55,29.091,1.818,-0.912,-0.512,-0.67,1.903,1.091
DOW,95,45.263,0.0,-0.917,-0.567,-1.063,1.803,1.063
UBER,103,44.66,1.942,-0.918,-0.673,-1.034,2.009,1.155
HAS,74,31.081,2.703,-0.92,-0.647,-0.78,2.422,1.365
PSKY,71,47.887,4.225,-0.921,-0.793,-0.398,2.533,1.169
SYY,52,40.385,1.923,-0.921,-0.668,-0.807,2.125,1.154
ANET,141,43.972,2.837,-0.922,-0.566,-0.559,2.45,1.305
ABBV,52,32.692,1.923,-0.923,-0.57,-0.792,1.924,1.327
AKAM,74,35.135,5.405,-0.935,-0.672,-0.469,2.59,1.189
LLY,65,36.923,4.615,-0.936,-0.625,-0.709,2.323,1.354
ULTA,87,44.828,4.598,-0.938,-0.508,-0.483,2.462,1.391
SPG,65,41.538,0.0,-0.94,-0.543,-1.018,1.937,1.0
AMD,166,45.181,1.807,-0.949,-0.68,-0.679,2.246,1.163
Q,6,0.0,0.0,-0.953,-0.728,-1.535,1.962,1.0
GRMN,63,41.27,1.587,-0.954,-0.547,-0.696,2.273,1.254
RCL,126,42.063,2.381,-0.964,-0.642,-0.972,2.194,1.167
COHR,154,53.896,1.948,-0.965,-0.671,-0.556,2.338,1.182
DASH,57,52.632,0.0,-0.968,-0.645,-0.932,1.949,1.035
CIEN,128,45.312,3.906,-0.971,-0.594,-0.438,2.624,1.328
SRE,17,35.294,5.882,-0.971,-0.551,-0.44,2.699,1.353
HAL,141,42.553,0.0,-0.975,-0.611,-0.677,1.907,1.05
REGN,48,43.75,2.083,-0.982,-0.718,-0.765,2.092,1.104
UHS,60,36.667,1.667,-0.989,-0.579,-0.928,2.076,1.183
NCLH,149,51.007,1.342,-0.994,-0.689,-0.722,2.203,1.04
CEG,31,35.484,6.452,-0.994,-0.764,-0.381,3.213,1.29
AXON,84,30.952,3.571,-0.999,-0.664,-0.378,2.955,1.143
NRG,66,33.333,1.515,-1.004,-0.527,-0.751,2.184,1.136
MCK,52,28.846,0.0,-1.016,-0.709,-0.707,1.968,1.115
NFLX,83,32.53,9.639,-1.026,-0.589,-0.35,3.129,1.578
TTD,109,44.037,4.587,-1.027,-0.661,-0.286,3.769,1.321
DLTR,63,25.397,6.349,-1.035,-0.642,-0.59,3.271,1.635
DVA,59,32.203,6.78,-1.068,-0.676,-0.435,3.0,1.695
DDOG,84,51.19,4.762,-1.072,-0.665,-0.758,2.777,1.286
CASY,32,28.125,0.0,-1.089,-0.708,-1.158,2.3,1.25
INTC,113,44.248,2.655,-1.09,-0.656,-0.552,2.584,1.451
FE,19,31.579,0.0,-1.09,-0.551,-0.721,2.081,1.0
ORLY,29,17.241,0.0,-1.094,-0.718,-1.038,2.178,1.138
SMCI,113,46.018,5.31,-1.096,-0.942,-0.245,4.153,1.345
SNDK,26,38.462,0.0,-1.112,-0.879,-1.289,2.312,1.0
ALGN,106,41.509,2.83,-1.116,-0.534,-0.481,3.107,1.311
CVNA,85,49.412,3.529,-1.121,-0.802,-0.268,3.966,1.153
KHC,36,33.333,2.778,-1.127,-0.611,-0.691,2.452,1.389
CMG,86,31.395,0.0,-1.132,-0.679,-0.934,2.439,1.244
LITE,117,51.282,2.564,-1.136,-0.636,-0.629,2.687,1.231
VRT,95,54.737,1.053,-1.151,-0.669,-0.773,2.727,1.158
CHTR,44,29.545,2.273,-1.167,-0.523,-0.696,2.567,1.205
APA,137,45.255,0.0,-1.176,-0.686,-0.529,2.267,1.022
CHRW,42,28.571,4.762,-1.19,-0.721,-0.788,2.838,1.381
PLTR,85,48.235,1.176,-1.204,-0.716,-0.608,2.689,1.094
VRTX,36,41.667,2.778,-1.233,-0.453,-0.56,3.439,1.611
BAX,44,34.091,0.0,-1.249,-0.578,-0.752,2.318,1.136
PODD,50,38.0,0.0,-1.276,-0.782,-0.992,2.727,1.0
SATS,64,45.312,0.0,-1.318,-0.628,-0.529,3.492,1.141
PCG,50,34.0,8.0,-1.883,-0.604,-0.311,4.683,1.48
